prefix_length,agent_count,return_pattern,scenario,trials,makespan_mean_ms,makespan_p95_ms,request_p95_mean_ms,relocated_fraction,ownership_relocated_fraction,full_prefix_hit_rate,reprefilled_tokens_mean,queue_relief_after_return_mean_ms,hbm_relief_mean_ms,speedup_vs_sticky,speedup_vs_reroute,speedup_vs_on_return
8192,8,multi-wave,sticky,3,926.2482486665249,930.5028729140759,709.9542152136564,0,0.0,1,0,0.0,0.0,1.0,1.5778159192812586,1.0113776050632286
8192,8,multi-wave,agentix,3,1253.389881613354,1255.9615345671773,1253.389881613354,0.375,0.0,0.625,24588,0.0,0.0,0.7389945157960468,1.165997311284548,0.7474025035406661
8192,8,multi-wave,ttl,3,924.8082113141814,929.1427806019783,714.4223727906743,0,0.0,1,0,0.0,0.0,1.0015571199895565,1.5802727679890123,1.0129524413490625
8192,8,multi-wave,tokencake-source,3,920.6352277348439,922.6542664691806,723.7577652558684,0,0.0,1,0,0.0,0.0,1.0060969000127136,1.587435705179584,1.0175438731963968
8192,8,multi-wave,reroute,3,1461.4492319524288,1465.2340831235051,1461.4492319524288,0.5,0.0,0.5,32784,0.0,0.0,0.6337874956005827,1.0,0.6409984794195389
8192,8,multi-wave,ttl-reroute,3,1462.1101676796873,1465.5087422579527,1462.1101676796873,0.5,0.0,0.5,32784,0.0,0.0,0.6335009968068585,0.9995479576424071,0.6407087209556886
8192,8,multi-wave,on-return,3,936.7867354303598,943.1571150198579,919.3291890745362,0.5,0.5,1,0,274.5097363367677,1452.27540563792,0.9887503885727058,1.5600661032855456,1.0
8192,8,multi-wave,agentix-on-return,3,918.5061085348328,921.3045202195644,857.7331074823936,0.375,0.375,1,0,269.19513288885355,1430.0575945526361,1.0084290567691945,1.5911154192362191,1.0199025643113986
8192,8,multi-wave,agentshift,3,932.9296378418803,935.8093962073326,682.9296378418803,0.5,0.5,1,0,0.0,1446.4321996395786,0.9928382710717485,1.5665160293686862,1.0041343928116615
8192,8,simultaneous,sticky,3,696.2256378804644,700.0427534803748,696.2256378804644,0,0.0,1,0,0.0,0.0,1.0,2.1115732826009546,1.4373046066751727
8192,8,simultaneous,agentix,3,1262.848909633855,1269.3814849480987,1262.848909633855,0.375,0.0,0.625,24588,0.0,0.0,0.5513134885489389,1.1641388327574669,0.79240541681355
8192,8,simultaneous,ttl,3,699.7818180049459,703.3212557435036,699.7818180049459,0,0.0,1,0,0.0,0.0,0.9949181587275017,2.1008426023435285,1.4300004528038188
8192,8,simultaneous,tokencake-source,3,3421.4248474066458,8460.092829540372,3421.4248474066458,0,0.0,1,0,0.0,0.0,0.20348996951027173,0.4296839828951726,0.292477070589304
8192,8,simultaneous,reroute,3,1470.1314556101959,1483.9592026546597,1470.1314556101959,0.5,0.0,0.5,32784,0.0,0.0,0.47358053269562045,1.0,0.6806794812750975
8192,8,simultaneous,ttl-reroute,3,1471.021640424927,1473.3183551579714,1471.021640424927,0.5,0.0,0.5,32784,0.0,0.0,0.47329394670179636,0.9993948526722735,0.6802675699059656
8192,8,simultaneous,on-return,3,1000.6883166109521,1017.5530510023236,1000.6883166109521,0.5,0.5,1,0,356.67915269732475,1516.7076643556356,0.6957467438396637,1.4691202357484443,1.0
8192,8,simultaneous,agentix-on-return,3,919.2144855236014,935.4317802935839,919.2144855236014,0.375,0.375,1,0,278.2095978036523,1430.445526726544,0.7574136927181707,1.5993345174198186,1.0886341897026806
8192,8,simultaneous,agentshift,3,685.4368227844437,690.8003389835358,685.4368227844437,0.5,0.5,1,0,0.0,1199.2895401393373,1.0157400576353535,2.1448095677703662,1.459927864023799
16384,8,multi-wave,sticky,3,942.0369869718949,945.5097336322069,743.8426855951548,0,0.0,1,0,0.0,0.0,1.0,2.740850810466874,1.0115678544717042
16384,8,multi-wave,agentix,3,2100.4195356120667,2120.5689515918493,2100.3684398407736,0.375,0.0,0.625,49164,0.0,0.0,0.4484994407069173,1.2292700555554938,0.4536876169676556
16384,8,multi-wave,ttl,3,947.8122241174182,950.0121781602502,749.3104583894213,0,0.0,1,0,0.0,0.0,0.9939067707731866,2.7241501782022017,1.0054041396559321
16384,8,multi-wave,tokencake-source,3,1364.1943313802283,1387.1310893446207,1127.8572467466195,0,0.0,1,0,0.0,0.0,0.6905445692761277,1.8926796423639731,0.6985326883597396
16384,8,multi-wave,reroute,3,2581.98283923169,2589.955531992018,2581.98283923169,0.5,0.0,0.5,65552,0.0,0.0,0.36485021227027714,1.0,0.36907074642979004
16384,8,multi-wave,ttl-reroute,3,2578.8860420385995,2592.9877357557416,2578.8860420385995,0.5,0.0,0.5,65552,0.0,0.0,0.36528833442644804,1.0012008274668245,0.3695139367193044
16384,8,multi-wave,on-return,3,952.9343337441484,966.537625528872,952.3812687645355,0.5,0.5,1,0,304.4377376014988,1467.5600820531447,0.9885644305317062,2.7095076206215505,1.0
16384,8,multi-wave,agentix-on-return,3,975.5725953727961,988.726275973022,835.045705238978,0.375,0.375,1,0,326.25114110608894,1487.779522004227,0.9656246920424346,2.6466332197913323,0.9767948979542656
16384,8,multi-wave,agentshift,3,942.0417885606488,944.0584871917963,692.0417885606488,0.5,0.5,1,0,0.0,1457.2608033195138,0.9999949029981342,2.740836840345179,1.0115626985084625
16384,8,simultaneous,sticky,3,712.7345995977521,719.7930170223117,712.7345995977521,0,0.0,1,0,0.0,0.0,1.0,3.6285082781635123,1.5661681245499972
16384,8,simultaneous,agentix,3,2092.1070066591105,2094.4206919521093,2092.1070066591105,0.375,0.0,0.625,49164,0.0,0.0,0.34067788948134126,1.2361525421703208,0.5335588512446434
16384,8,simultaneous,ttl,3,716.4945707966884,718.4381727129221,716.4945707966884,0,0.0,1,0,0.0,0.0,0.9947522684020403,3.6094668406187354,1.557949294595079
16384,8,simultaneous,tokencake-source,3,5691.7669121176,14324.984297156334,5691.7669121176,0,0.0,1,0,0.0,0.0,0.1252220286955816,0.45436916773034675,0.196118749834505
16384,8,simultaneous,reroute,3,2586.1633947739997,2593.375463038683,2586.1633947739997,0.5,0.0,0.5,65552,0.0,0.0,0.27559534754765047,1.0,0.4316286486034085
16384,8,simultaneous,ttl-reroute,3,2591.8156318366528,2619.76864002645,2591.8156318366528,0.5,0.0,0.5,65552,0.0,0.0,0.27499432862540574,0.9978191978653019,0.43068735192513735
16384,8,simultaneous,on-return,3,1116.2622111539047,1140.8874914050102,1116.2622111539047,0.5,0.5,1,0,465.8767158786456,1631.9204894825816,0.6385010551069203,2.3168063640715975,1.0
16384,8,simultaneous,agentix-on-return,3,964.7900223111113,994.0267130732536,964.7900223111113,0.375,0.375,1,0,315.3955570111672,1475.4305519163609,0.7387458235631711,2.6805453362576874,1.1570001610090748
16384,8,simultaneous,agentshift,3,691.7203506454825,695.7299346104264,691.7203506454825,0.5,0.5,1,0,0.0,1208.2896394034226,1.0303796887465577,3.738741230268428,1.6137478246986063
32768,8,multi-wave,sticky,3,969.4099236900607,975.648045539856,767.4564045543472,0,0.0,1,0,0.0,0.0,1.0,5.737956520156784,1.183926666134922
32768,8,multi-wave,agentix,3,3094.718907649318,3099.6072497218847,3094.718907649318,0.25,0.0,0.75,65544,0.0,0.0,0.3132465185429082,1.797394903489693,0.37086090637687624
32768,8,multi-wave,ttl,3,966.8725030496716,967.3086106777191,764.1718049223224,0,0.0,1,0,0.0,0.0,1.002624359088076,5.753014978497442,1.1870337148408083
32768,8,multi-wave,tokencake-source,3,2197.9284305125475,2225.069524720311,1947.9284305125475,0,0.0,1,0,0.0,0.0,0.4410561828275721,2.53076120001093,0.522178176113242
32768,8,multi-wave,reroute,3,5562.431992342074,5581.513612531126,5562.431992342074,0.5,0.0,0.5,131088,0.0,0.0,0.17427807207794527,1.0,0.20633245685566334
32768,8,multi-wave,ttl-reroute,3,5577.026933431625,5604.286514222622,5577.026933431625,0.5,0.0,0.5,131088,0.0,0.0,0.17382199068806878,0.997383024815236,0.2057924899362607
32768,8,multi-wave,on-return,3,1147.7102590724826,1179.2971026152372,1147.7102590724826,0.5,0.5,1,0,487.75702559699613,1666.5792058532436,0.8446469098163203,4.846547243410834,1.0
32768,8,multi-wave,agentix-on-return,3,961.2896585216125,965.3238113969564,846.8472662692269,0.25,0.25,1,0,313.6600839595,1469.4127862652142,1.0084472615475095,5.786426539630786,1.1939276043368345
32768,8,multi-wave,agentshift,3,969.2768106857935,977.5375360623002,719.2768106857935,0.5,0.5,1,0,0.0,1484.806673290829,1.0001373322902185,5.7387445268668715,1.184089257495433
32768,8,simultaneous,sticky,3,784.7443170224627,793.274188414216,784.7443170224627,0,0.0,1,0,0.0,0.0,1.0,7.094867306237908,1.6285943582018945
32768,8,simultaneous,agentix,3,3109.583696971337,3115.461486391723,3109.583696971337,0.25,0.0,0.75,65544,0.0,0.0,0.2523631435895376,1.7904830167528332,0.4109971918680156
32768,8,simultaneous,ttl,3,776.618774048984,778.4198680892587,776.618774048984,0,0.0,1,0,0.0,0.0,1.0104627176743557,7.16909889980009,1.6456338811778093
32768,8,simultaneous,tokencake-source,3,10558.34961247941,27349.382964894176,10558.34961247941,0,0.0,1,0,0.0,0.0,0.07432452474342549,0.5273226406537999,0.12104450167317986
32768,8,simultaneous,reroute,3,5567.656798598667,5569.31335106492,5567.656798598667,0.5,0.0,0.5,131088,0.0,0.0,0.14094696304197063,1.0,0.22954542881584428
32768,8,simultaneous,ttl-reroute,3,5576.048629979293,5579.70460690558,5576.048629979293,0.5,0.0,0.5,131088,0.0,0.0,0.14073484094154626,0.9984950218447687,0.22919996795984324
32768,8,simultaneous,on-return,3,1278.0301673337817,1302.0460791885853,1278.0301673337817,0.5,0.5,1,0,623.6066607137521,1794.3881930162509,0.6140264424740389,4.356436131874631,1.0
32768,8,simultaneous,agentix-on-return,3,980.8572273080548,996.6617040336132,980.8572273080548,0.25,0.25,1,0,329.26410250365734,1489.2273722216487,0.8000596775701796,5.676317249431909,1.3029726771156214
32768,8,simultaneous,agentshift,3,729.2277741556367,735.4282503947616,729.2277741556367,0.5,0.5,1,0,0.0,1249.7965125367045,1.0761305929839382,7.635003761404157,1.7525802124221013
