prefix_length,tool,scenario,trials,tool_mean_ms,prediction_mean_ms,prediction_abs_error_mean_ms,post_tool_mean_ms,post_tool_median_ms,post_tool_p95_ms,exposed_mean_ms,full_prefix_hit_rate,speedup_vs_reroute,speedup_vs_on_return,overhead_vs_sticky
4096,control-plane-tests,sticky,3,485.5353891228636,474.06966146081686,11.465727662046751,44.48861846079429,43.72627194970846,46.717037446796894,0.0,1,3.0983467823620097,1.9727091193755855,1.0
4096,control-plane-tests,reroute,3,478.93287893384695,474.06966146081686,5.29022142291069,137.8411678597331,133.65233596414328,147.90992438793182,0.0,0,1.0,0.6366973285900877,3.0983467823620097
4096,control-plane-tests,agentix,3,475.5245928342144,474.06966146081686,2.828795462846756,42.09274177749952,42.014626786112785,42.316727340221405,0.0,1,3.2747015765415277,2.084993745713739,0.946146300645273
4096,control-plane-tests,ttl,3,477.9399891073505,474.06966146081686,3.870327646533648,134.01589076966047,133.3372825756669,135.5759296566248,0.0,0,1.0285434590488027,0.654870872715181,3.0123635079332103
4096,control-plane-tests,tokencake-source,3,479.118672820429,474.06966146081686,5.3993407636880875,43.08938638617595,42.2105873003602,45.01120559871197,0.0,1,3.198958709329768,2.036768464500258,0.9685485384121016
4096,control-plane-tests,tokencake-remote,3,479.94126627842587,474.06966146081686,5.8716048176089926,257.3604031155507,257.46964756399393,274.96753353625536,213.37060164660215,1,0.5355958655296503,0.34101245678662423,5.7848594094318795
4096,control-plane-tests,symphony,3,481.4035485809048,474.06966146081686,7.333887120087941,248.29260787616172,241.0112926736474,263.94033804535866,204.57592078795037,1,0.5551561483799095,0.3534664366238507,5.581036599169071
4096,control-plane-tests,on-return,3,478.3751651023825,474.06966146081686,4.608018323779106,87.76310334602992,86.7674695327878,91.99708234518766,44.417726807296276,1,1.5706049877960306,1.0,1.9727091193755855
4096,control-plane-tests,agentshift,3,483.0900679032008,474.06966146081686,9.020406442383925,44.83082890510559,44.65545900166035,45.9824874997139,0.033405919869740806,1,3.0746959453171065,1.9576506946101762,1.0076920897108297
4096,control-plane-tests,oracle,3,478.2436704263091,474.06966146081686,5.313616245985031,48.62127359956503,48.08969795703888,52.75558680295944,5.3215719138582545,1,2.8349970631161385,1.8050350566467896,1.0928924134250797
4096,git-status,sticky,3,2.368574651579062,2.419481985270977,0.1600490262111028,41.605385641256966,41.67269356548786,42.40229818969965,0.0,1,3.2605096892465446,2.083502265417527,1.0
4096,git-status,reroute,3,2.617109256486098,2.419481985270977,0.24381466209888458,135.6547630081574,135.42468193918467,137.45449669659138,0.0,0,1.0,0.6390112172612477,3.2605096892465446
4096,git-status,agentix,3,2.4896739050745964,2.419481985270977,0.12679770588874817,41.66741855442524,41.66866932064295,41.963404044508934,0.0,1,3.255655562894245,2.080400424228404,1.0014909827709122
4096,git-status,ttl,3,2.497469075024128,2.419481985270977,0.16885312894980112,41.541834051410355,41.40124376863241,42.67661180347204,0.0,1,3.265497686988904,2.086689651926568,0.9984725153037978
4096,git-status,tokencake-source,3,3.084953874349594,2.419481985270977,0.6654718890786171,89.08277532706659,88.86931277811527,90.4546631500125,46.5976856648922,1,1.522794530256856,0.9730827864182034,2.141135671597521
4096,git-status,tokencake-remote,3,3.1134660045305886,2.419481985270977,0.6939840192596117,713.333597406745,705.6055050343275,729.4370150193572,670.5126569916805,1,0.190170158115806,0.12152086422434515,17.145222581457944
4096,git-status,symphony,3,3.043821081519127,2.419481985270977,0.6243390962481499,716.3281912604967,712.1231434866786,726.4546891674399,673.3260850111643,1,0.1893751560572405,0.12101284899117601,17.217198692425228
4096,git-status,on-return,3,2.706534850100676,2.419481985270977,0.3147864093383153,86.68491523712873,87.21581846475601,90.27898777276278,43.93925735106071,1,1.5649177557256697,1.0,2.083502265417527
4096,git-status,agentshift,3,2.9240002234776816,2.419481985270977,0.5045182382067045,83.14028661698103,82.78901688754559,86.15431655198336,39.70941683898369,1,1.631636941944948,1.0426343084006608,1.9983058764040633
4096,git-status,oracle,3,2.9981710637609162,2.419481985270977,0.5786890784899393,83.47760358204444,83.98302551358938,84.73790343850851,39.920177621146046,1,1.6250438104015719,1.0384212233875647,2.0064134076734987
4096,state-store-tests,sticky,3,399.4973301887512,399.15385097265244,3.647873799006144,43.363649398088455,42.694118805229664,45.34068889915943,0.0,1,3.0803791744588924,1.9705445198441067,1.0
4096,state-store-tests,reroute,3,397.9058799644311,399.15385097265244,2.813455338279406,133.57648253440857,133.25721211731434,134.61729604750872,0.0,0,1.0,0.639708428164613,3.0803791744588924
4096,state-store-tests,agentix,3,401.4797418688734,399.15385097265244,8.92457397033771,44.16092795630296,43.93071494996548,46.95809260010719,0.0,1,3.024766206601951,1.9349684355907735,1.0183858731744486
4096,state-store-tests,ttl,3,396.0195081308484,399.15385097265244,3.1343428418040276,41.98165703564882,42.01704170554876,42.32457559555769,0.0,1,3.181782044024174,2.0354127901450942,0.9681301647434556
4096,state-store-tests,tokencake-source,3,400.7454120243589,399.15385097265244,2.2112239773074784,44.78667117655277,43.84227376431227,47.734311781823635,1.5614557390411694,1,2.9825052638504657,1.907933754330466,1.032816005991577
4096,state-store-tests,tokencake-remote,3,402.599945353965,399.15385097265244,4.538926295936108,336.5244176238775,324.4536006823182,377.32441537082195,293.21147470424575,1,0.3969295407375244,0.2539191725973035,7.7605188284432565
4096,state-store-tests,symphony,3,398.63090341289836,399.15385097265244,3.1347411374251046,334.54230707138777,318.76440439373255,372.7304255589843,291.6179873670141,1,0.39928128583720435,0.25542360375846357,7.7148097938024325
4096,state-store-tests,on-return,3,399.4382784391443,399.15385097265244,2.480527696510156,85.4500016818444,84.3260120600462,87.9100076854229,42.77024511247873,1,1.5632121697522403,1.0,1.9705445198441067
4096,state-store-tests,agentshift,3,396.35567894826335,399.15385097265244,3.2068307821949324,44.50744204223156,43.71225740760565,47.407058998942375,0.029888935387134552,1,3.001216794433221,1.9199036781481145,1.0263767616429793
4096,state-store-tests,oracle,3,399.5381435379386,399.15385097265244,2.2919348751505217,51.11163264761368,52.54041589796543,55.001264438033104,8.367253156999746,1,2.6134262518152025,1.6718307996728397,1.1786746124247276
16384,control-plane-tests,sticky,3,477.22024253259104,474.06966146081686,3.1505810717741647,45.91316326210896,45.83617206662893,46.68579902499914,0.0,1,11.142176890807352,2.2119426963900626,1.0
16384,control-plane-tests,reroute,3,481.04088225712377,474.06966146081686,6.971220796306928,511.5725866829356,513.9791173860431,515.6243480741978,0.0,0,1.0,0.1985197971695266,11.142176890807352
16384,control-plane-tests,agentix,3,479.04169994095963,474.06966146081686,4.972038480142753,45.979621820151806,45.96064705401659,46.09460569918156,0.0,1,11.126072082191968,2.208745573050282,1.0014474837567486
16384,control-plane-tests,ttl,3,480.7745401437084,474.06966146081686,6.704878682891528,527.007852991422,526.2035699561238,529.1604911908507,0.0,0,0.9707115060603514,0.1927054512932267,11.478360791279853
16384,control-plane-tests,tokencake-source,3,482.73306743552286,474.06966146081686,8.663405974706015,46.52339189002911,46.60138767212629,47.696628607809544,0.0,1,10.996029435948667,2.1829295332946734,1.0132909297587813
16384,control-plane-tests,tokencake-remote,3,484.0868813917041,474.06966146081686,10.017219930887222,2101.7790573338666,2095.33438552171,2120.501510798931,2053.5288474832973,1,0.24339979261753228,0.04831967746153735,45.777265341863625
16384,control-plane-tests,symphony,3,486.4833376680811,474.06966146081686,12.413676207264265,2116.1542798702917,2118.926872499287,2126.8590670078993,2064.3732932706675,1,0.24174635637354952,0.04799143763374915,46.09036122799022
16384,control-plane-tests,on-return,3,487.6091033220291,474.06966146081686,13.539441861212254,101.55728614578645,100.59131402522326,105.46855814754963,53.746431755522885,1,5.037280987880754,1.0,2.2119426963900626
16384,control-plane-tests,agentshift,3,481.2293828775485,474.06966146081686,7.159721416731675,48.466043857236706,48.549494706094265,49.971370957791805,0.03298154721657435,1,10.55527841698493,2.0954317304077303,1.05560236789946
16384,control-plane-tests,oracle,3,478.33201568573713,474.06966146081686,4.262354224920273,57.750191539525986,57.94383306056261,59.90902055054903,11.271070378522078,1,8.858370388828924,1.7585618928428586,1.2578133902437048
16384,git-status,sticky,3,2.7441817025343576,2.419481985270977,0.3246997172633807,46.49102874100208,46.786108054220676,47.31625411659479,0.0,1,11.311192598975925,2.236296335945426,1.0
16384,git-status,reroute,3,2.834032600124677,2.419481985270977,0.4145506148537,525.8689802139997,514.0518331900239,554.2809404432774,0.0,0,1.0,0.197706503215929,11.311192598975925
16384,git-status,agentix,3,2.5647509222229323,2.419481985270977,0.17392324904600778,45.470694390436016,45.323487371206284,46.256777830421925,0.0,1,11.56500878782725,2.2864774471028153,0.9780530915706281
16384,git-status,ttl,3,2.6006707921624184,2.419481985270977,0.18118880689144135,45.729306836922966,45.379750430583954,47.004591673612595,0.0,1,11.499605320704319,2.273546756319743,0.9836157227597047
16384,git-status,tokencake-source,3,3.8244317596157393,2.419481985270977,1.404949774344762,175.6304744631052,175.33030919730663,176.40310525894165,129.81267149249712,1,2.9941784409656615,0.5919685495678428,3.7777282890754895
16384,git-status,tokencake-remote,3,3.824233698348204,2.419481985270977,1.4047517130772273,2566.7433760439358,2562.424830161035,2577.57247146219,2519.3704714377723,1,0.20487789512659027,0.04050569223171799,55.20943385320777
16384,git-status,symphony,3,3.7534662211934724,2.419481985270977,1.3339842359224956,2575.2186312650642,2576.269648037851,2586.3526249304414,2527.4793161079288,1,0.2042036252105201,0.04037238468438805,55.391732577298036
16384,git-status,on-return,3,2.7190021549661956,2.419481985270977,0.2995201696952184,103.96771722783645,103.90505101531744,105.68578075617552,56.552570002774395,1,5.058002563061017,1.0,2.236296335945426
16384,git-status,agentshift,3,6.285207656522592,2.419481985270977,3.865725671251615,97.69136924296618,97.51089382916689,100.84883589297533,51.13427682469288,1,5.382962530764841,1.0642466988998844,2.10129506462843
16384,git-status,oracle,3,5.280939241250356,2.419481985270977,2.861457255979379,96.52480824540059,95.89899331331253,98.56322407722473,49.936547254522644,1,5.448018905948538,1.0771087673493567,2.0762028903067047
16384,state-store-tests,sticky,3,399.57753972460824,399.15385097265244,2.0258591199914613,45.654068080087505,45.630162581801414,45.739819295704365,0.0,1,11.27349193636615,2.241559741107099,1.0
16384,state-store-tests,reroute,3,400.17952552686137,399.15385097265244,1.66676410784324,514.6807683631778,512.7433938905597,519.2919299006462,0.0,0,1.0,0.1988345539926499,11.27349193636615
16384,state-store-tests,agentix,3,400.87769522021216,399.15385097265244,2.4199122563004494,46.156905591487885,46.25351540744305,46.525636687874794,0.0,1,11.150677493815651,2.217139986198714,1.0110140789757944
16384,state-store-tests,ttl,3,398.8217047105233,399.15385097265244,1.51516559223334,46.386297792196274,46.402390114963055,46.915809623897076,0.0,1,11.095534519026959,2.2061756574007765,1.0160386520391627
16384,state-store-tests,tokencake-source,3,402.87432943781215,399.15385097265244,3.7204784651597342,45.66877211133639,45.723346062004566,45.897998847067356,0.0,1,11.269862196172738,2.240838023334632,1.000322074940246
16384,state-store-tests,tokencake-remote,3,400.3023551777005,399.15385097265244,1.2627371276418369,2215.57577761511,2215.813093818724,2231.585232540965,2165.1082755997777,1,0.23230113524584134,0.046189492618593106,48.52964633356422
16384,state-store-tests,symphony,3,402.7927527204156,399.15385097265244,4.722810350358486,2176.7873720576367,2173.497710376978,2187.1458953246474,2128.203956099848,1,0.2364405338665067,0.047012548097130895,47.68003079679695
16384,state-store-tests,on-return,3,398.0450068290035,399.15385097265244,1.1088441436489422,102.33632102608681,98.99665135890245,111.31340079009533,56.009904791911445,1,5.029306928397194,1.0,2.241559741107099
16384,state-store-tests,agentshift,3,400.01727112879354,399.15385097265244,1.4510325466593106,46.78407683968544,46.397728845477104,48.22526127099991,0.0248315433661143,1,11.001195345305831,2.187417769869901,1.0247515458560155
16384,state-store-tests,oracle,3,398.93532420198125,399.15385097265244,0.6573591381311417,62.1752900381883,62.80060764402151,63.42742685228586,15.447129805882772,1,8.277898953861879,1.6459323464873497,1.3618784185698163
32768,control-plane-tests,sticky,3,488.9774527400732,474.06966146081686,14.907791279256344,53.034075225392975,52.14302707463503,54.85146027058363,0.0,1,23.74221424341191,2.3536417135922387,1.0
32768,control-plane-tests,reroute,3,487.09264242400724,474.06966146081686,13.022980963190397,1259.146376202504,1256.7611625418067,1263.9610655605793,0.0,0,1.0,0.09913320170823313,23.74221424341191
32768,control-plane-tests,agentix,3,484.6178327376644,474.06966146081686,10.54817127684752,51.51513094703356,51.20943207293749,52.56317462772131,0.0,1,24.442262944010054,2.4230397826342207,0.9713590880598191
32768,control-plane-tests,ttl,3,488.11855912208557,474.06966146081686,14.048897661268711,1287.6621599619587,1289.8419639095664,1294.3082693964243,0.0,0,0.9778546076400216,0.09693785806050344,24.279902204185504
32768,control-plane-tests,tokencake-source,3,491.81291833519936,474.06966146081686,17.743256874382496,51.5740429982543,51.4122424647212,51.945775747299194,0.0,1,24.414343010593992,2.420271990243206,0.9724699220089426
32768,control-plane-tests,tokencake-remote,3,499.7172088672717,474.06966146081686,25.64754740645488,4606.2894292796655,4594.550752080977,4635.90488396585,4551.973845809698,1,0.27335372549514547,0.027098430007207245,86.85527954816023
32768,control-plane-tests,symphony,3,490.57006121923524,474.06966146081686,16.5003997584184,4593.167072472473,4587.4277446419,4615.666350349784,4539.201560119788,1,0.27413467795429297,0.027175848324864454,86.6078469918005
32768,control-plane-tests,on-return,3,490.23485618333024,474.06966146081686,16.16519472251336,124.82321169227362,123.58300760388374,127.8090551495552,72.31013849377632,1,10.087437737995996,1.0,2.3536417135922387
32768,control-plane-tests,agentshift,3,488.16645828386146,474.06966146081686,14.096796823044619,54.70638846357664,52.79705487191677,58.543676510453224,0.03129554291566213,1,23.016441252393037,2.281693513279177,1.03153280661681
32768,control-plane-tests,oracle,3,485.6947132696708,474.06966146081686,11.625051808853945,64.8227712760369,66.35877769440413,66.94013345986605,12.981737653414408,1,19.42444532092959,1.925607456070258,1.2222853137448402
32768,git-status,sticky,3,2.730583151181539,2.419481985270977,0.31110116591056186,51.399421878159046,50.38176104426384,53.98261267691851,0.0,1,24.68952722085682,2.5580499376553454,1.0
32768,git-status,reroute,3,2.6821823169787726,2.419481985270977,0.26270033170779544,1269.0274255971115,1266.1361070349813,1279.5463930815458,0.0,0,1.0,0.10360870480721061,24.68952722085682
32768,git-status,agentix,3,2.673459860185782,2.419481985270977,0.2539778749148051,51.15845426917076,51.133908331394196,52.10163630545139,0.0,1,24.805820342422972,2.570098917358802,0.9953118614921488
32768,git-status,ttl,3,2.7538308252890906,2.419481985270977,0.33434884001811344,50.739883445203304,50.53918156772852,51.28823593258858,0.0,1,25.010452122295504,2.5913005510337888,0.9871683686536561
32768,git-status,tokencake-source,3,6.123214028775692,2.419481985270977,3.703732043504715,284.4344520320495,285.21866630762815,287.3255666345358,233.68526498476663,1,4.461581276568142,0.4622586574573266,5.533806444482853
32768,git-status,tokencake-remote,3,5.8678314089775085,2.419481985270977,3.4483494237065315,5061.717547165851,5066.59993622452,5072.70672172308,5008.505965583026,1,0.250710833580128,0.025975824748373188,98.47810271416121
32768,git-status,symphony,3,6.0111771648128824,2.419481985270977,3.591695179541906,5070.587972489496,5062.622196041048,5092.25401468575,5016.978808989127,1,0.25027224307757345,0.025930382954462768,98.65068102340118
32768,git-status,on-return,3,2.8518525262673697,2.419481985270977,0.43237054099639255,131.48228793094555,125.93610305339098,142.9086523130536,80.0340057661136,1,9.651698685556827,1.0,2.5580499376553454
32768,git-status,agentshift,3,8.924263219038645,2.419481985270977,6.504781233767669,113.23788048078616,112.71687038242817,115.66809937357903,61.81548939396938,1,11.206739478070997,1.1611157624347714,2.203096384025749
32768,git-status,oracle,3,8.7889206285278,2.419481985270977,6.3694386432568235,115.98581820726395,115.65314140170813,119.90320030599833,63.26303817331791,1,10.941229240021302,1.1336065905573884,2.256558808817057
32768,state-store-tests,sticky,3,401.8263015896082,399.15385097265244,2.672450616955757,51.30353787293037,51.55626032501459,51.731632091104984,0.0,1,24.523919915339842,2.4440614922656874,1.0
32768,state-store-tests,reroute,3,401.84985877325136,399.15385097265244,3.302783084412416,1258.163854169349,1258.1025622785091,1260.0386952981353,0.0,0,1.0,0.09966031126764992,24.523919915339842
32768,state-store-tests,agentix,3,401.03662262360257,399.15385097265244,2.661035085717837,51.683769561350346,51.40668619424105,53.26867010444403,0.0,1,24.343500190632707,2.4260808063425507,1.0074114126273659
32768,state-store-tests,ttl,3,402.66833764811355,399.15385097265244,3.5144866754611335,53.05738498767217,52.230640314519405,56.13840650767088,0.0,1,23.713265447622078,2.363271415682424,1.0341856953235031
32768,state-store-tests,tokencake-source,3,407.89259504526854,399.15385097265244,8.7387440726161,51.53571721166372,51.482055336236954,51.95909086614847,0.0,1,24.41343445366076,2.4330504767642003,1.0045256009304546
32768,state-store-tests,tokencake-remote,3,406.2660075724125,399.15385097265244,7.1121565997600555,4671.757723825674,4669.906816445291,4685.209061950445,4617.097816740473,1,0.2693127359222401,0.02683979109035285,91.06112204964845
32768,state-store-tests,symphony,3,405.0922645255923,399.15385097265244,5.938413552939892,4688.8778532544775,4695.88104262948,4707.403665408492,4635.266460788746,1,0.26832941559696993,0.02674179308066062,91.39482475590638
32768,state-store-tests,on-return,3,402.7046092475454,399.15385097265244,3.550758274892966,125.38900133222342,124.78005886077881,128.37719172239304,73.00145458430052,1,10.034084654967392,1.0,2.4440614922656874
32768,state-store-tests,agentshift,3,403.4099693720539,399.15385097265244,4.2561183994015055,54.44523847351471,54.27020043134689,56.8002900108695,0.034316753347714744,1,23.10879499189616,2.303029701912681,1.0612375039001358
32768,state-store-tests,oracle,3,401.8607859810193,399.15385097265244,2.9923710972070694,74.63208337624867,74.47429839521646,75.82935225218534,22.547149409850437,1,16.8582169658385,1.680095150233042,1.4547161164810682
